<?xml version='1.0' encoding='utf-8'?>
<!DOCTYPE hibernate-configuration PUBLIC
        "-//Hibernate/Hibernate Configuration DTD 3.0//EN"
        "http://hibernate.sourceforge.net/hibernate-configuration-3.0.dtd">
 
<hibernate-configuration>
    <session-factory>
        
        
        <property name="hibernate.connection.driver_class">com.mysql.jdbc.Driver</property>
        <property name="hibernate.connection.url">jdbc:mysql://localhost:3306/progettodb</property>
        <property name="hibernate.connection.username">root</property>
        <property name="hibernate.connection.password">admin</property>
             
                
        <property name="hibernate.show_sql">true</property>

 		 <mapping class="it.java.progettoPSSS.server.domain.Utente" />
 		 <mapping class="it.java.progettoPSSS.server.domain.Campo" />
 		 <mapping class="it.java.progettoPSSS.server.domain.Ticket" />
 		 <mapping class="it.java.progettoPSSS.server.domain.Prenotazione" />
 		 <mapping class="it.java.progettoPSSS.server.domain.CentroSportivo" />
    
        
        
    
     </session-factory>
</hibernate-configuration>

